SKU,Title (Enriched),Tier,Scrape Status,SEO Title,SEO Description,Body HTML (first 500 chars),Key Features,Applications,Specifications (first 5),Tags,Pack Size,Unit,Image Alt Texts,Google Category ID,Has Supplier Data?,Enrichment Cost
PQ120073,Artline 200 Bright Fineliner Pen 0.4mm Light Blue Box of 12,T2,acco_gated,Artline 200 Fineliner 0.4mm Light | Mega Office Supplies,"Artline 200 Bright Fineliner 0.4mm in Light Blue, box of 12. Instant-dry, blur-proof, xylene-free ink. Up to 2,000m write-out. Ideal for offices and schools.","<h2>Keep your notes sharp, your colour-coding clear and your ideas flowing</h2>
<p><strong>The Artline 200 Bright Fineliner delivers precise 0.4mm lines in a vivid light blue, with instant-drying, blur-proof ink that performs consistently from the first stroke to the last.</strong></p>
<p>Fineliners live and die by nib consistency and ink quality. The Artline 200 uses a fibre nib that holds its point through heavy use, paired with water-based ink that writes cleanly on even thin paper with no bl","Instant-drying water-based ink resists blur and smear - safe for left-handers | Precise 0.4mm fibre nib delivers consistent, fine lines throughout the pen's life | Up to 2,000 metres write-out distance per pen for long-lasting performance | No bleed-through on thin paper, keeping documents clean on ","Colour-coded filing and document marking systems | Detailed note-taking and margin annotation in offices and study | Technical drawing, design sketches and creative artwork | Classroom writing, student projects and teacher marking | Collaborative document editing and proofreading | Home office organ",Brand: Artline | Model: 200 Bright Fineliner | Vendor SKU: PQ120073 | Ink Colour: Light Blue | Line Width: 0.4mm,"Artline 200, Artline 200 Light Blue, Artline Fineliner Pen, 0.4mm Fineliner, Light Blue Fineliner, Fine Tip Pen, Genuine Artline Pen, Artline Writing Instruments, Office Stationery Supplies, Colour Co",Box of 12,Box,Artline 200 Bright Fineliner 0.4mm Light Blue pen front view on white background | Close-up of Artline 200 fineliner nib showing 0.4mm fibre tip detail | Artline 200 Light Blue fineliner pen writing fine lines on white paper | Box of 12 Artline 200 Bright Fineliner Light Blue pens product packaging,932,NO,$0.03 
AA6502,Bundaberg 6502 White Sugar Bag 2kg,T2,acco_gated,Bundaberg White Sugar 2kg | Mega Office Supplies,"Bundaberg White Sugar 2kg - uniform crystal size for baking, hot drinks, and jams. 68 KJ per serve. A kitchen staple for offices and catering.","<h2>Reliable, Pure White Sugar for the Office Kitchen and Catering Counter</h2>
<p><strong>Bundaberg White Sugar is a general-purpose cane sugar with a uniform crystal size, delivering consistent results whether you are sweetening a morning coffee or baking for a team morning tea.</strong></p>
<p>A staple in any well-stocked office kitchen or catering setup, this 2kg bag provides a generous supply without taking up excessive storage space. The uniform crystal structure dissolves cleanly and pred","Uniform crystal size for consistent dissolving and baking results | 2kg bag - a generous supply suitable for busy office kitchens and catering use | 68 KJ (16 Cal.) per 4g serving for easy nutritional reference | 1700 KJ (407 Cal.) per 100g energy content | Versatile across hot drinks, cold beverage","Sweetening hot beverages including tea and coffee in office kitchens | Baking cakes, biscuits, slices, and crumbles for workplace morning teas | Sweetening cold drinks and cereals in break rooms and catering settings | Preparing jams, marmalades, and preserves | General catering and hospitality use ",Brand: Bundaberg | Model/SKU: 6502 | Vendor MPN: AA6502 | Net Weight: 2kg | Serving Size: 4g (1 teaspoon),"Bundaberg 6502, Bundaberg White Sugar 2kg, White Sugar Bag, Cane Sugar, Office Kitchen Supplies, Catering Sugar, Bundaberg Sugar, Baking Sugar, Break Room Pantry Supplies, General Purpose Sugar",1,Each,Bundaberg 6502 White Sugar 2kg bag front view on white background,422,NO,$0.02 
FXPIN129 BE,Rapidline Standard Pinboard 1200 x 900mm Blue Upholstery,T2,cached,Rapidline Pinboard 1200x900mm Blue | Mega Office Supplies,"Rapidline 1200x900mm blue upholstery pinboard with galvanised steel backing. Includes pins. Concealed corner fixing for a clean, professional finish.","<h2>Keep Your Team Aligned With a Clear, Central Visual Hub</h2>
<p><strong>The Rapidline Standard Pinboard in blue upholstery gives offices, classrooms, and meeting rooms a dedicated space for notices, schedules, and project updates - all at a generous 1200 x 900mm.</strong></p>
<p>In fast-moving workplaces, critical information gets lost without a reliable, visible display point. This pinboard solves that problem with a soft blue upholstered felt surface that accepts push pins securely and rel","1200 x 900mm surface offers generous space for notices, schedules, and project updates | Blue upholstered felt surface helps important information stand out at a glance | Galvanised steel backing and low-density fibreboard core built for high-traffic environments | Concealed corner fixing delivers a","Office workspaces for team notices, project timelines, and internal communication | School staff rooms and administration areas for schedules, rosters, and announcements | Meeting rooms and conference spaces to display agendas and action items | Reception areas for visitor-facing notices and directi",Product Type: Standard pinboard | Brand: Rapidline | SKU: FXPIN129 BE | Width: 1200mm | Height: 900mm,"Rapidline FXPIN129 BE, Rapidline Pinboard Blue, Standard Pinboard, Blue Felt Pinboard, 1200x900 Pinboard, Office Notice Board, Rapidline Office Boards, Wall Mounted Pinboard, Office Communication Boar",1,Each,Rapidline Standard Pinboard 1200 x 900mm with blue upholstered felt surface and concealed corner fixing mounted on a wall | Close-up of blue felt surface on Rapidline 1200 x 900mm pinboard showing pin holes and upholstery texture,950,NO,$0.03 
PEN50-A,Pentel N50 Permanent Marker Bullet Point 1.5mm Black Box of 12,T1,cached,Pentel N50 Permanent Marker Black | Mega Office Supplies,"Pentel N50 Permanent Marker - 1.5mm bullet tip, vivid waterproof black ink, aluminium barrel. Writes on plastic, metal, glass and more. Box of 12.","<h2>Marks That Hold Up in the Toughest Conditions</h2>
<p><strong>The Pentel N50 Permanent Marker delivers vivid, waterproof black marks on virtually any surface, backed by an aluminium barrel built for industrial demands.</strong></p>
<p>From warehouse floors to workshop benches, reliable permanent marking keeps operations running smoothly. The N50 writes clearly on cardboard, plastic, metal, wood and glass, making it the go-to choice for inventory control, dispatch labelling and equipment iden","Vivid waterproof black ink resists water, smudging and ethanol-based cleaning chemicals | Bonded fibre bullet point tip maintains a consistent 1.5mm line width through heavy use | Robust aluminium barrel withstands industrial handling without cracking or deforming | Writes reliably on cardboard, pla","Industrial marking and labelling in warehouses, factories and manufacturing facilities | Maintenance and trade environments requiring permanent identification on equipment and materials | Inventory control, pallet labelling and dispatch operations where waterproof marks are essential | Quality contr","Brand: Pentel | Model: N50 | SKU: PEN50-A | Ink Colour: Black | Tip Type: Bullet point, bonded fibre","Pentel N50, Pentel N50 Black, Permanent Marker Black, Bullet Point Marker, Waterproof Permanent Marker, Industrial Marker Pen, Genuine Pentel Marker, Pentel Markers, Warehouse Labelling Supplies, 1.5m",Box of 12,Box,Pentel N50 permanent marker with black bullet point tip on white background | Close-up of Pentel N50 bullet point tip showing 1.5mm bonded fibre nib | Pentel N50 black permanent marker writing on cardboard surface | Box of 12 Pentel N50 permanent markers showing product packaging | Side view of Pent,932,NO,$0.03 
CD10210,Collins 10210 Analysis Book A24 10 Money Column Green Cover,T2,success,Collins 10210 Analysis Book 10 Column | Mega Office Supplies,"Collins 10210 A24 Analysis Book - 10 money columns, 48 pages, A4, staple bound. Ideal for manual bookkeeping in Australian offices and small businesses.","<h2>Keep Your Finances Organised with a Reliable Analysis Book</h2><p><strong>The Collins 10210 Analysis Book gives small business owners, bookkeepers, and administrators a clear, structured way to record and review financial transactions by hand.</strong></p><p>Manual bookkeeping still plays a vital role in many Australian businesses, and having the right stationery makes the process faster and less error-prone. This A4 analysis book features 10 money columns across 48 pages, giving you ample r","10 money columns for multi-category financial tracking | 48 pages providing substantial recording capacity | A4 size for standard filing and desk use | Staple bound construction for durable, flat-opening pages | Printed on white paper for clear, high-contrast entries | Distinctive green cover for ea",Manual bookkeeping and petty cash tracking in small businesses | Income and expense recording for sole traders and freelancers | Financial administration in schools and community organisations | Multi-column data entry for accounts staff and office managers,Brand: Collins Debden | Model: 10210 | Series: A24 | Number of Columns: 10 money columns | Number of Pages: 48,"Collins 10210, Collins 10210 Analysis Book, Collins Debden Analysis Books, Collins Debden Stationery, Analysis Book 10 Column, Manual Bookkeeping Book, A4 Analysis Book, Genuine Collins Debden, Office",1,Each,"Collins 10210 A24 Analysis Book with green cover showing 10 money column ruling on white pages | Front cover of Collins 10210 staple-bound A4 analysis book in green, viewed straight on",932,NO,$0.02 
KC4440,Kleenex Compact Hand Towel White 90 Sheets Pack of 24,T1,cached,Kleenex Compact Hand Towels 90 | Mega Office Supplies,"Kleenex Compact Hand Towels - 90 sheets x 24 packs. Airflex technology, 1-ply, FSC certified. Fits dispensers 70240, 70007, 4969 and 4970. Buy in bulk.","<h2>Hygienic Hand Drying for Busy Compact Washrooms</h2>
<p><strong>Kleenex Compact Hand Towels deliver premium absorbency and softness in a space-saving format built for high-traffic workplaces.</strong></p>
<p>When washroom space is limited, every product choice matters. These 1-ply white hand towels are engineered with Airflex technology, which means each sheet absorbs quickly and holds its strength under use. A case contains 24 packs of 90 towels, giving you 2,160 towels per order - ideal fo","Airflex technology delivers rapid absorbency and reliable sheet strength for thorough hand drying | One-at-a-time dispensing reduces cross-contamination and minimises unnecessary towel use | High capacity case format - 24 packs of 90 towels each, totalling 2,160 towels per order | Compatible with Kl","Corporate office washrooms requiring reliable, low-maintenance hand drying solutions | Medical clinics and healthcare facilities where hygiene and cross-contamination control are critical | Schools, universities and education facilities managing high daily washroom traffic | Hospitality venues inclu",Brand: Kleenex | SKU / MPN: KC4440 | Colour: White | Ply: 1 ply | Sheets Per Pack: 90,"Kleenex KC4440, Kleenex Compact Hand Towel White, Kleenex Dispenser 70240 Compatible, Kleenex Dispenser 70007 Compatible, Compact Hand Towels, White Paper Hand Towels, Genuine Kleenex Hand Towels, Kle",Pack of 24,Carton,Kleenex Compact Hand Towel White 90 Sheets case of 24 packs front view on white background | Close-up of Kleenex compact hand towel sheet showing 1-ply Airflex texture | Kleenex compact hand towel pack displayed next to compatible washroom dispenser,2801,NO,$0.03 
DODKTL0044,Dolphy 1L Stainless Steel Electric Kettle Black,T2,cached,Dolphy 1L Stainless Steel Kettle | Mega Office Supplies,"Dolphy 1L stainless steel kettle with auto shut-off, cool-touch exterior and 360 swivel base. 1000W, 220-240V. Perfect for offices and hospitality.","<h2>Hot Drinks Ready in Moments, Every Time</h2>
<p><strong>The Dolphy 1L Stainless Steel Electric Kettle delivers rapid, reliable boiling in a compact, safety-focused design built for daily office and hospitality use.</strong></p>
<p>Crafted from Grade-304 stainless steel and rated at 1000W on 220-240V, this kettle heats water quickly without taking over your benchtop. At just 0.82 kg and 1.0L capacity, it suits personal use, small teams, or guest rooms equally well. The 360-degree swivel base ","Automatic shut-off cuts power the instant water reaches boiling point for energy savings and safety | Cool-touch two-layer exterior stays safe to handle even during full boiling cycles | 360-degree swivel base for comfortable pouring from any angle, right or left-handed | Grade-304 stainless steel c",Small office kitchens and staff break rooms | Hotel and motel guest room amenity setups | Home office and personal workstation use | Travel and compact living spaces | Hospitality and accommodation providers stocking guest amenities,Brand: Dolphy Australia | Vendor SKU: DODKTL0044 | Product Code: DKTL0044 | Kettle Material: Grade-304 Stainless Steel | Colour: Black,"Dolphy DODKTL0044, Dolphy Kettle Black, Stainless Steel Electric Kettle, 1L Electric Kettle, Compact Office Kettle, Auto Shut-Off Kettle, Dolphy Australia Appliances, Dolphy Kitchen Appliances, Office",1,Each,Dolphy 1L black stainless steel electric kettle front view on white background | Dolphy black electric kettle side view showing 360-degree swivel base and cool-touch exterior,730,NO,$0.03 
AD13000,Avery Shipping Tag Size 3 96 x 48mm Buff Box 1000,T3,http_521,Avery Shipping Tag Size 3 96x48mm | Mega Office Supplies,"Avery Buff Shipping Tags Size 3, 96x48mm, reinforced eyelets, dual-sided writing surface, unstrung. Box of 1000. Suits shipping, warehouse and product","<p>Avery Buff Shipping Tags in Size 3 (96 x 48mm) keep mailing and identification information secure and legible across a wide range of applications. Each tag features a reinforced eyelet for extra strength, a smooth dual-sided writing surface, and a neutral buff background that makes text stand out at a glance. Supplied unstrung so you can attach them with string, wire, plastic ties, or any other preferred method.</p><p>With 1000 tags per box, this pack suits high-volume shipping, warehouse lab","Size 3 - 96 x 48mm buff shipping tags with reinforced eyelets for added durability | Smooth dual-sided writing surface with neutral buff background for clear, legible text | Supplied unstrung - attach with string, wire, plastic ties or any preferred method | Box of 1000 tags for high-volume shipping","Shipping, mailing and parcel labelling | Warehouse and industrial item identification | Product tagging, gift tags and promotional labelling",Brand: Avery | Model/MPN: AD13000 | Size: 96 x 48mm | Tag Size: 3 | Colour: Buff,"Avery, AD13000, Shipping Tags, Buff Tags, Size 3 Tags, 96x48mm, Mailing Tags, Warehouse Labels, Office Supplies, Box of 1000",1000,Box,"Avery Buff Shipping Tag Size 3 96x48mm with reinforced eyelet, front view | Box of 1000 Avery Size 3 Buff Shipping Tags showing product packaging | Close-up of Avery 96x48mm Buff Shipping Tag dual-sided writing surface",953,NO,$0.02 
SR100-10B,Staedtler Mars Lumograph 10B Pencils Box of 12,T3,unknown_prefix,Staedtler Mars Lumograph 10B Pencils | Mega Office Supplies,"Staedtler Mars Lumograph 10B pencils, box of 12. Super-bonded 2.0mm lead, break-resistant, easy to erase. PEFC-certified wood. For drawing and sketching.","<p>The Staedtler Mars Lumograph is a premium drawing pencil trusted by artists, designers and architects worldwide. The 10B grade delivers a soft, expressive mark with a metallic lustre across a wide range of grey tones, making it ideal for sketching, hatching and professional graphic work on paper and matte drawing film. The super-bonded lead and special lead formulation give it exceptional break resistance, while clean erasability and consistent line reproduction keep your work precise.</p><p>","Super-bonded lead with special formulation for exceptional break resistance | 10B grade - 2.0mm lead diameter for soft, expressive marks with metallic grey lustre | Lines reproduce cleanly and erase easily for professional results | Barrel made from PEFC-certified wood from sustainably managed fores","Professional drawing, sketching and hatching on paper and matte drawing film | Graphic design, illustration and artistic applications | Fine art studio work and architectural drafting",Brand: Staedtler | Model: Mars Lumograph 100-10B | Vendor SKU: SR100-10B | Grade: 10B | Lead diameter: 2.0mm,"Staedtler, Mars Lumograph, Drawing Pencils, Sketching Pencils, 10B Pencil, Artist Pencils, Graphite Pencils, Office Supplies",12,Box,,1672,NO,$0.02 
CU241523,Durable Business Card Box Aluminium 20 Capacity,T3,acco_gated,Durable Aluminium Business Card Box | Mega Office Supplies,"Durable slimline aluminium business card box with 20-card capacity. Silver finish, compact design. Keeps cards protected and ready to present.","<p>The Durable Business Card Box is a slimline aluminium case that holds up to 20 standard business cards. Its silver finish and compact form make it a practical choice for desk use, travel, or client meetings.</p><p>The sturdy aluminium construction keeps cards protected and organised, ensuring they stay flat and ready to present. Durable is ISO 14001 certified, reflecting a commitment to environmentally responsible manufacturing across all German production sites.</p>","Slimline aluminium construction in silver | Holds up to 20 standard business cards | Compact design suits desk, bag, or travel use | From Durable, an ISO 14001 certified manufacturer",Storing and carrying business cards at meetings or events | Desk organisation for personal or client business cards | Travel-ready card storage for professionals on the go,Colour: Silver | Material: Aluminium | Capacity: 20 cards | Type: Business Card Box | Brand: Durable,"Durable, Business Card Box, Aluminium, Card Storage, Office Supplies, Silver, Desk Accessories, CU241523",1,Each,"Durable slimline silver aluminium business card box closed, showing compact form factor | Durable aluminium business card box open, displaying 20-card storage capacity",6556,NO,$0.02 
WE424001,Weatherdon Connoisseur Flip-Tite Canister Square 1.0L,T3,not_found,Connoisseur Flip-Tite Square | Mega Office Supplies,"Connoisseur Flip-Tite 1.0L square canister. Airtight, BPA-free, stackable and dishwasher safe. 130x130x130mm. Ideal for dry goods storage.","<p>The Connoisseur Flip-Tite Square Canister keeps dry goods fresh and organised with a simple flip-ring seal. Flip the ring up to open, flip it down to lock in an airtight seal - no complicated mechanisms, no fuss. Made from BPA-free clear plastic, so contents are visible at a glance.</p><p>The square 1.0L canister measures 130 x 130 x 130 mm, stacks neatly to make the most of shelf or cupboard space, and is fully dishwasher safe for easy cleaning.</p>","Flip-ring seal - flip up to open, flip down for an airtight close | BPA-free clear plastic with white lid for easy visibility | Stackable design to maximise storage space | Dishwasher safe for quick, easy cleaning",Dry goods storage in office kitchens and breakrooms | Pantry and canteen food storage | General airtight container storage on shelving or benchtops,Capacity: 1.0L | Dimensions: 130 (L) x 130 (W) x 130 mm (H) | Colour: Clear with white lid | Material: BPA-free clear plastic | Vendor SKU: WE424001,"Weatherdon, Connoisseur, WE424001, Flip-Tite, Canister, Storage Container, Airtight Container, Kitchen Storage, BPA Free, Dry Goods Storage",1,Each,Connoisseur Flip-Tite 1.0L square canister with white lid and clear BPA-free body | Flip-ring seal detail on Connoisseur Flip-Tite square storage canister | Connoisseur Flip-Tite 1.0L canisters stacked to show stackable storage design | Side view of Connoisseur Flip-Tite square canister showing 130x,638,NO,$0.02 
ECJUMBOLS,Educational Colours Jumbo Washable Colouring Pencils with Sharpener Pack of 12,T2,cached,Jumbo Washable Colouring Pencils 12pk | Mega Office Supplies,"Educational Colours Jumbo Washable Pencils - 12 vivid colours, chunky 1cm grip, bonded leads, bonus sharpener. Australian made and non-toxic for schools.","<h2>Bold Colours That Wash Off Easily and Last Through Every Creative Session</h2><p><strong>Educational Colours Jumbo Washable Colouring Pencils give young artists vibrant, strongly pigmented colour in a chunky, easy-grip format built for little hands.</strong></p><p>At 17.5cm long with a 1cm diameter, these hexagonal pencils are sized for confident colouring without the frustration of thin, breakable leads. Bonded lead construction means fewer snap-offs mid-use, while the assorted palette of 1","Chunky hexagonal barrel at 1cm diameter for easy grip by young children | Bonded leads deliver strongly pigmented, vibrant colour with reduced breakage | Washable formula removes easily from skin, clothing, and most hard surfaces | Includes a bonus sharpener - no need to buy separately | 12 assorted",Primary school and early childhood classroom colouring activities | Home learning and homework art projects for young children | Childcare centre and kindergarten creative stations | School holiday programmes and supervised art workshops | Occupational therapy and fine motor skills development sessi,Brand: Educational Colours | SKU/MPN: ECJUMBOLS | Pencil length: 17.5cm | Barrel diameter: 1cm | Barrel shape: Hexagonal,"Educational Colours Jumbo Pencils, Educational Colours Washable Colouring Pencils, Jumbo Colouring Pencils, Washable Pencils for Kids, Chunky Pencils for Toddlers, Australian Made Art Supplies, Non-To",Pack of 12,Pack,"Educational Colours Jumbo Washable Colouring Pencils pack of 12 with bonus sharpener, hexagonal barrels in assorted colours",1684,NO,$0.03 
FM53218,Fellowes Wire Binding Combs 34 Loop 6mm Black 100 Pack,T2,not_found,Fellowes Wire Binding Combs 6mm Black | Mega Office Supplies,"Fellowes 34 Loop 6mm Black Wire Binding Combs - 100 pack. Steel twin-loop design for A4 documents. Clean, flat-opening finish for reports and presentations.","<h2>Give Every Document a Clean, Finished Look</h2>
<p><strong>The Fellowes Wire Binding Combs 34 Loop 6mm Black deliver a polished, professional finish for reports, presentations and manuals - keeping pages secure and flat every time.</strong></p>
<p>Wire binding remains the preferred choice for documents that need to lie flat and open cleanly. At 6mm, these combs suit documents of up to approximately 30 pages, making them ideal for concise reports, training handouts and proposal packs. Each pa","34-loop steel wire combs for a secure, permanent document finish | 6mm spine size suits documents of up to approximately 30 pages | Twin-loop wire design allows smooth, flat page turning | Pack of 100 combs for efficient, high-volume binding | Compatible with standard A4 34-loop wire binding machine","Binding business reports, proposals and presentations | Creating manuals, training guides and handbooks | School and university assignments and project submissions | Print room and copy centre production binding | Binding meeting agendas and board papers",Brand: Fellowes | Model Number: FM53218 | Item Number: 53218 | Colour: Black | Comb Size: 6mm,"Fellowes FM53218, Fellowes Wire Binding Combs Black, 34 Loop Wire Binding Combs, A4 Wire Binding Combs, Wire Binding Combs, 6mm Binding Combs, Genuine Fellowes Binding Supplies, Fellowes Binding Consu",100,Pack,Fellowes 34 loop 6mm black wire binding combs pack of 100 on white background | Close-up of Fellowes twin-loop black wire binding comb showing 34 loop steel construction,922,NO,$0.02 
AP108829,Mondi Colour Copy Paper 200gsm A4 Ream of 250 Sheets,T2,cached,Mondi Colour Copy 200gsm A4 Paper | Mega Office Supplies,"Mondi Colour Copy 200gsm A4 paper - 250 sheets, CIE 160 whiteness, FSC certified. Premium colour laser results for presentations and proposals.","<h2>Give Your Colour Prints the Weight They Deserve</h2>
<p><strong>Mondi Colour Copy Paper 200gsm A4 is a heavyweight premium paper that transforms colour laser output into polished, professional results.</strong></p>
<p>At 200gsm, this paper carries genuine presence. Each sheet feeds through dry toner colour laser printers with the smoothness and reliability that comes from manufacturer approval - meaning fewer jams, consistent colour brilliance and sharp image definition on every page. A CIE ","200gsm heavyweight stock delivers exceptional opacity and a premium tactile feel | CIE whiteness rating of 160 produces vivid, true-to-life colour reproduction | Optimised for digital colour laser printing with outstanding sharpness and definition | Approved for all dry toner colour laser printers t",Colour presentations and boardroom proposal documents | Premium report covers and divider pages | Marketing brochures and internal communications | School and university project printing requiring quality output | Design studio proofing and sample production | High-volume colour print runs in profes,Brand: Mondi | SKU: AP108829 | Size: A4 210 x 297mm | Weight: 200gsm | Pack Size: Ream of 250 sheets,"Mondi Colour Copy Paper, Mondi 200gsm A4 Paper, Colour Laser Printer Paper, Dry Toner Printer Paper, Premium Heavyweight Copy Paper, 200gsm A4 Copy Paper, Genuine Mondi Paper, Mondi Office Paper, Pres",Ream of 250 Sheets,Ream,Mondi Colour Copy Paper 200gsm A4 ream of 250 sheets front view showing packaging and brand label | Close-up of Mondi 200gsm A4 paper stack showing heavyweight white sheets and paper texture,922,NO,$0.03 
CO328F-WHITE,Colby 328F Polywally Wallet Foolscap Hook and Loop White Pack of 12,T2,cached,Colby Polywally Wallet Foolscap | Mega Office Supplies,"Colby 328F Foolscap Polywally Wallets in white - pack of 12. Archival-safe polypropylene, 30mm gusset, hook and loop closure for secure document storage.","<h2>Keep Foolscap Documents Safe, Organised and Ready to Find</h2>
<p><strong>The Colby 328F Polywally Wallet gives foolscap documents a secure, professional home with a reliable hook and loop closure and a generous 30mm gusset.</strong></p>
<p>When documents need to stay protected and accessible, cheap wallets simply do not cut it. These Colby Polywally wallets are made from archival-quality, acid-free and copy-safe polypropylene, so your paperwork is shielded from moisture, tearing and chemica","Archival-quality, acid-free and copy-safe polypropylene construction protects documents long-term | 30mm gusset accommodates bulkier foolscap files without overstressing the wallet | Secure hook and loop closure keeps contents firmly in place during handling and transit | Clean white finish supports",Archival filing of foolscap documents in offices and legal environments | Student and teacher document organisation in schools and universities | Project file management in design studios and creative workspaces | Categorising and storing client records in medical or professional practices | Home of,Brand: Colby | Model: 328F | SKU: CO328F-WHITE | Colour: White | Size: Foolscap,"Colby 328F, Colby 328F White, Polywally Wallet, Foolscap Document Wallet, Hook and Loop Wallet, Archival Document Wallet, Colby Filing Products, Colby Office Supplies, Office Filing and Storage, Acid ",Pack of 12,Pack,"Colby 328F Polywally Wallet foolscap size in white with hook and loop closure, front view showing clean white finish | Stack of 12 Colby 328F white foolscap Polywally wallets showing gusset depth and pack quantity",6556,NO,$0.02 
ZN212,Zions ZN212 Business Income and Expenditure Cashbook,T1,cached,Zions ZN212 Business Cashbook | Mega Office Supplies,"Track income, expenses and GST with the Zions ZN212 Cashbook. 27 pages, 31 lines, GST columns. Ideal for small business tax records. 290x285mm.","<h2>Keep Your Business Finances Clear, Compliant and Audit-Ready</h2>
<p><strong>The Zions ZN212 Business Income and Expenditure Cashbook is a trusted manual accounting record that gives small business owners a straightforward way to track income, expenses and GST in one organised book.</strong></p>
<p>For small businesses, sole traders, retailers and tradespeople, accurate manual record-keeping remains one of the simplest paths to tax compliance. This headed cashbook lays out receipts and payme","Dedicated GST columns in both receipts and payments sections for easy GST liability calculation | Receipts section includes date, particulars, discount, account payments, cash or other receipts and bank column | Payments section features date, particulars, cheque number, bank column, 12 analysis col","Daily income and expense tracking for small businesses and sole traders | GST liability calculation and preparation for Business Activity Statements | Manual bookkeeping for retail shops, cafes, restaurants and hospitality venues | Financial record-keeping for tradespeople and contractors | Basic ta",Brand: Zions Systems Products | Model/SKU: ZN212 | Book Type: Headed cashbook - income and expenditure | Pages: 27 pages per book | Lines Per Page: 31,"Zions ZN212, Zions Business Cashbook, Income and Expenditure Cashbook, GST Cashbook, Manual Accounting Book, Small Business Record Keeping, Genuine Zions Stationery, Zions Taxation Records, Business B",1,Each,"Zions ZN212 Business Income and Expenditure Cashbook front cover view showing laminated cover | Open pages of the Zions ZN212 Cashbook displaying ruled columns for income, expenditure and GST entries | Zions ZN212 Cashbook angled view showing wire stitching and large format 290x285mm size",6391,NO,$0.03 
JA0382020,Artfusion Flip-Out Visual Diary A3 Original,T1,cached,Artfusion A3 Flip-Out Visual Diary | Mega Office Supplies,"Artfusion Flip-Out Visual Diary A3 with 5 expandable pages for larger works. Perfect for artists, students and illustrators. In stock at Mega Office Supplies.","<h2>Give Your Art the Space It Deserves</h2>
<p><strong>The Artfusion Flip-Out Visual Diary in A3 is a premium sketchbook built for artists who refuse to be confined to a standard page.</strong></p>
<p>Working at A3 already gives you serious room to create, but sometimes a composition demands more. This diary solves that with 5 integrated flip-out pages that expand your working surface beyond the standard spread - ideal for panoramic sketches, storyboards, large-format studies, and works that re","5 flip-out pages extend the working surface beyond standard A3 | A3 format provides generous space for detailed and large-scale artwork | Self-contained design keeps all pages and extensions in one diary | Ideal for panoramic compositions, storyboards, and observational drawing | Unique flip-out for",Life drawing and observational sketching at art school or studio | Storyboarding and concept development for illustrators and designers | Panoramic landscape and architectural drawing studies | Mixed-media artwork requiring a large continuous surface | Visual journalling and creative diary keeping f,Brand: Artfusion | Model/SKU: JA0382020 | Series: Flip-Out Visual Diary | Size: A3 | Flip-Out Pages: 5,"Artfusion JA0382020, Artfusion Flip-Out Visual Diary A3, A3 Visual Diary, Flip-Out Sketchbook, Art Diary with Expandable Pages, Artist Sketchbook A3, Artfusion Art Supplies, Artfusion Sketchbooks, Art",1,Each,Artfusion Flip-Out Visual Diary A3 front cover view showing Artfusion branding | Artfusion A3 Visual Diary open to show interior pages and paper quality | Flip-out pages extended outward from Artfusion A3 diary showing expanded working surface | Artfusion Flip-Out Visual Diary A3 closed side profile,16,NO,$0.03 
RHWS30MSE,Nyda Exercise Spot Markers Set of 12,T2,cached,Nyda Exercise Spot Markers Set of 12 | Mega Office Supplies,"RH Sports Nyda Exercise Spot Markers - set of 12 heavy-duty rubber discs, 24.5cm, with illustrated exercises for circuit training and group fitness.","<h2>Structure every session and keep every participant moving with purpose</h2>
<p><strong>The Nyda Exercise Spot Markers Set of 12 by RH Sports brings instant organisation to any training space, guiding participants through a complete full-body routine with clear, illustrated exercise diagrams on each disc.</strong></p>
<p>Built from heavy-duty rubber, these 24.5cm diameter markers sit flat and stay put on virtually any surface thanks to their non-slip base. Each disc features a different illus","Heavy-duty rubber construction delivers lasting performance on indoor and outdoor surfaces | Non-slip base keeps each marker firmly in place during dynamic movement | Each of the 12 discs displays a unique illustrated exercise for guided, independent participation | 24.5cm diameter provides a clear,","School physical education classes and active learning programs | Gym and studio circuit training stations | Group fitness and community sport coaching sessions | Personal training sessions requiring portable, reusable equipment | Corporate wellness and team-building activities",Brand: RH Sports | Product Type: Exercise Spot Markers | SKU: RHWS30MSE | Quantity: Set of 12 | Material: Heavy-duty rubber,"RH Sports Nyda Exercise Spot Markers, RH Sports RHWS30MSE, Exercise Spot Markers Set of 12, Circuit Training Markers, Non Slip Exercise Discs, Gym Training Equipment, School PE Equipment, RH Sports Fi",12,Pack,RH Sports Nyda Exercise Spot Markers set of 12 heavy-duty rubber discs with illustrated exercise diagrams laid out on a flat surface,990,NO,$0.02 
3M70005126399,Post-it Durable Tabs 25x50mm Stripe with Bonus 30 Tabs 686-VAD1,T2,cached,Post-it Durable Tabs 25x50mm Stripe | Mega Office Supplies,"Post-it Durable Tabs 686-VAD1, 25x50mm in assorted stripe colours. 114 tabs total with bonus 30. Repositionable, writeable and durable for everyday organising.","<h2>Keep Every Project Clearly Organised and Easy to Navigate</h2>
<p><strong>Post-it Durable Tabs 686-VAD1 deliver reliable, repositionable section marking in assorted stripe colours with a bonus 30 tabs included for extra value.</strong></p>
<p>When you are managing multiple binders, planners or project folders, consistent labelling saves real time. These 25x50mm tabs are extra thick for durability through repeated handling, and the writeable surface lets you add clear, custom labels. With 114","Extra thick construction withstands repeated handling, page turning and daily use without fraying | Writeable tab surface accepts pen and pencil for clear, customised labels on every tab | Repositionable adhesive holds securely and removes cleanly without tearing pages or leaving residue | Assorted ","Dividing sections in ring binders, lever arch files and presentation folders | Colour coding project stages, deadlines or priorities across multiple planners | Marking key pages in notebooks, reference manuals and study guides | Organising client files or HR documents in professional office environm",Brand: Post-it | Model: 686-VAD1 | MPN: 3M70005126399 | Tab Size: 25.4mm x 50.8mm | Colour: Assorted stripe colours,"Post-it 686-VAD1, Post-it Durable Tabs Stripe, Durable Organising Tabs, Repositionable Page Tabs, Writeable Index Tabs, Colour Coding Tabs, Post-it Filing Accessories, Post-it Stationery, Office Organ",1,Pack,Post-it Durable Tabs 686-VAD1 in assorted stripe colours with dispenser on white background | Close-up of Post-it Durable Tabs 25x50mm applied to binder pages showing colour coded stripe labels,6174,NO,$0.03 
